>3p2d,9,10,11,12,13,20,21,22,23,27,28,29,30,38,39,40,41,42,43,45,46,47,48,49,50,53,54,55,56,57,58,59,60,61,62,63,64,76,77,78,79,80,81,82,83,84,85,86,87,88,99,100,101,102,103,104,105,106,107,108,109,110,113,114,115,116,117,118,128,129,130,131,141,142,143,144,145,146,147,148,149,150,151,152,160,161,162,163,164,165,166,167,168,169,170,171,172,173,184,185,186,187,188,189,190,197,198,199,200,201,202,203,204,208,209,210,215,216,217,218,219,220,221,222,223,229,230,231,232,233,234,235,236,237,238,239,240,241,242,248,249,250,251,252,253,254,255,256,257,258,259,267,268,269,270,271,272,273,274,275,282,283,284,285,286,287,288,289,290,291,292,293,294,295,296,297,298,299,300,301,302,303,304,305,306,307,314,315,316,317,318,319,320,321,322,323,324,325,326,327,328,329,330,335,336,337,338,339,340,341,342,343,344,345
,V,F,K,K,S,T,V,Y,L,D,F,V,D,V,D,G,V,V,L,D,P,D,Y,L,K,K,V,F,V,T,L,T,C,A,F,R,Y,F,R,K,D,L,F,I,A,N,Y,Q,A,F,T,R,L,Q,E,R,L,L,R,K,L,G,A,H,P,F,F,F,V,T,L,Q,C,G,V,D,F,E,I,R,A,F,C,A,H,K,R,N,S,V,R,L,V,I,R,K,V,Q,S,A,E,T,T,R,H,S,L,H,L,E,A,S,L,L,Y,Y,L,N,V,N,V,H,V,T,N,V,K,K,I,K,V,S,V,R,Q,Y,A,D,I,A,Q,Y,K,C,P,V,A,Q,V,E,Q,S,T,F,C,K,V,Y,T,I,N,R,E,K,R,G,L,A,L,D,G,K,L,K,H,E,D,T,N,L,A,S,S,T,I,V,E,V,L,G,I,L,V,S,Y,R,V,K,V,K,L,V,V,D,V,S,V,E,L,P,F,V,L,M
>3p2d_b,9,10,11,12,13,20,21,22,23,27,28,29,30,38,39,40,41,42,43,45,46,47,48,49,50,53,54,55,56,57,58,59,60,61,62,63,64,76,77,78,79,80,81,82,83,84,85,86,87,88,99,100,101,102,103,104,105,106,107,108,109,110,113,114,115,116,117,118,128,129,130,131,141,142,143,144,145,146,147,148,149,150,151,152,160,161,162,163,164,165,166,167,168,169,170,171,172,173,184,185,186,187,188,189,190,197,198,199,200,201,202,203,204,208,209,210,215,216,217,218,219,220,221,222,223,229,230,231,232,233,234,235,236,237,238,239,240,241,242,248,249,250,251,252,253,254,255,256,257,258,259,267,268,269,270,271,272,273,274,275,282,283,284,285,286,287,288,289,290,291,292,293,294,295,296,297,298,299,300,301,302,303,304,305,306,307,314,315,316,317,318,319,320,321,322,323,324,325,326,327,328,329,330,335,336,337,338,339,340,341,342,343,344,345
,V,F,K,K,S,T,V,Y,L,D,F,V,D,V,D,G,V,V,L,D,P,D,Y,L,K,K,V,F,V,T,L,T,C,A,F,R,Y,F,R,K,D,L,F,I,A,N,Y,Q,A,F,T,R,L,Q,E,R,L,L,R,K,L,G,A,H,P,F,F,F,V,T,L,Q,C,G,V,D,F,E,I,R,A,F,C,A,H,K,R,N,S,V,R,L,V,I,R,K,V,Q,S,A,E,T,T,R,H,S,L,H,L,E,A,S,L,L,Y,Y,L,N,V,N,V,H,V,T,N,V,K,K,I,K,V,S,V,R,Q,Y,A,D,I,A,Q,Y,K,C,P,V,A,Q,V,E,Q,S,T,F,C,K,V,Y,T,I,N,R,E,K,R,G,L,A,L,D,G,K,L,K,H,E,D,T,N,L,A,S,S,T,I,V,E,V,L,G,I,L,V,S,Y,R,V,K,V,K,L,V,V,D,V,S,V,E,L,P,F,V,L,M
>1g4r,8,9,10,11,12,19,20,21,22,26,27,28,29,37,38,39,40,41,42,44,45,46,47,48,49,52,53,54,55,56,57,58,59,60,61,62,63,75,76,77,78,79,80,81,82,83,84,85,86,87,98,99,100,101,102,103,104,105,106,107,108,109,112,113,114,115,116,117,127,128,129,130,140,141,142,143,144,145,146,147,148,149,150,151,159,160,161,162,163,164,165,166,167,168,169,170,171,172,183,184,185,186,187,188,189,196,197,198,199,200,201,202,203,207,208,209,214,215,216,217,218,219,220,221,222,228,229,230,231,232,233,234,235,236,237,238,239,240,241,247,248,249,250,251,252,253,254,255,256,257,258,266,267,268,269,270,271,272,273,274,281,282,283,284,285,286,287,288,289,290,291,292,293,294,295,296,297,298,299,300,301,302,303,304,305,306,313,314,315,316,317,318,319,320,321,322,323,324,325,326,327,328,329,342,343,344,345,346,347,348,349,350,351,352
,V,F,K,K,A,T,V,Y,L,D,F,V,D,V,D,G,V,V,L,D,P,E,Y,L,K,R,V,Y,V,T,L,T,C,A,F,R,Y,F,R,K,D,L,F,V,A,N,V,Q,S,F,T,R,L,Q,E,R,L,I,K,K,L,G,A,Y,P,F,T,F,V,T,L,Q,C,G,V,D,Y,E,V,K,A,F,C,A,H,K,R,N,S,V,R,L,V,I,R,K,V,Q,T,A,E,T,T,R,Q,P,L,H,L,E,A,S,L,I,Y,Y,I,S,V,N,V,H,V,T,N,V,K,K,I,K,I,S,V,R,Q,Y,A,D,I,A,Q,Y,K,C,P,V,A,M,E,E,A,S,T,F,C,K,V,Y,T,L,N,R,E,K,R,G,L,A,L,D,G,K,L,K,H,E,D,T,N,L,A,S,S,T,L,L,E,I,L,G,I,I,V,S,Y,K,V,K,V,K,L,V,V,D,V,A,V,E,L,P,F,T,L,M
>2wtr,8,9,10,11,12,19,20,21,22,26,27,28,29,37,38,39,40,41,42,44,45,46,47,48,49,52,53,54,55,56,57,58,59,60,61,62,63,75,76,77,78,79,80,81,82,83,84,85,86,87,98,99,100,101,102,103,104,105,106,107,108,109,112,113,114,115,116,117,127,128,129,130,140,141,142,143,144,145,146,147,148,149,150,151,159,160,161,162,163,164,165,166,167,168,169,170,171,172,183,184,185,186,187,188,189,196,197,198,199,200,201,202,203,207,208,209,214,215,216,217,218,219,220,221,222,228,229,230,231,232,233,234,235,236,237,238,239,240,241,247,248,249,250,251,252,253,254,255,256,257,258,266,267,268,269,270,271,272,273,274,281,282,283,284,285,286,287,288,289,290,291,292,293,294,295,296,297,298,299,300,301,302,303,304,305,306,313,314,315,316,317,318,319,320,321,322,323,324,325,326,327,328,329,342,343,344,345,346,347,348,349,350,351,352
,V,F,K,K,A,T,V,Y,L,D,F,V,D,V,D,G,V,V,L,D,P,E,Y,L,K,R,V,Y,V,T,L,T,C,A,F,R,Y,F,R,K,D,L,F,V,A,N,V,Q,S,F,T,R,L,Q,E,R,L,I,K,K,L,G,A,Y,P,F,T,F,V,T,L,Q,C,G,V,D,Y,E,V,K,A,F,C,A,H,K,R,N,S,V,R,L,V,I,R,K,V,Q,T,A,E,T,T,R,Q,P,L,H,L,E,A,S,L,I,Y,Y,I,S,V,N,V,H,V,T,N,V,K,K,I,K,I,S,V,R,Q,Y,A,D,I,A,Q,Y,K,C,P,V,A,M,E,E,A,S,T,F,C,K,V,Y,T,L,N,R,E,K,R,G,L,A,L,D,G,K,L,K,H,E,D,T,N,L,A,S,S,T,L,L,E,I,L,G,I,I,V,S,Y,K,V,K,V,K,L,V,V,D,V,A,V,E,L,P,F,T,L,M
>2wtr_b,8,9,10,11,12,19,20,21,22,26,27,28,29,37,38,39,40,41,42,44,45,46,47,48,49,52,53,54,55,56,57,58,59,60,61,62,63,75,76,77,78,79,80,81,82,83,84,85,86,87,98,99,100,101,102,103,104,105,106,107,108,109,112,113,114,115,116,117,127,128,129,130,140,141,142,143,144,145,146,147,148,149,150,151,159,160,161,162,163,164,165,166,167,168,169,170,171,172,183,184,185,186,187,188,189,196,197,198,199,200,201,202,203,207,208,209,214,215,216,217,218,219,220,221,222,228,229,230,231,232,233,234,235,236,237,238,239,240,241,247,248,249,250,251,252,253,254,255,256,257,258,266,267,268,269,270,271,272,273,274,281,282,283,284,285,286,287,288,289,290,291,292,293,294,295,296,297,298,299,300,301,302,303,304,305,306,313,314,315,316,317,318,319,320,321,322,323,324,325,326,327,328,329,342,343,344,345,346,347,348,349,350,351,352
,V,F,K,K,A,T,V,Y,L,D,F,V,D,V,D,G,V,V,L,D,P,E,Y,L,K,R,V,Y,V,T,L,T,C,A,F,R,Y,F,R,K,D,L,F,V,A,N,V,Q,S,F,T,R,L,Q,E,R,L,I,K,K,L,G,A,Y,P,F,T,F,V,T,L,Q,C,G,V,D,Y,E,V,K,A,F,C,A,H,K,R,N,S,V,R,L,V,I,R,K,V,Q,T,A,E,T,T,R,Q,P,L,H,L,E,A,S,L,I,Y,Y,I,S,V,N,V,H,V,T,N,V,K,K,I,K,I,S,V,R,Q,Y,A,D,I,A,Q,Y,K,C,P,V,A,M,E,E,A,S,T,F,C,K,V,Y,T,L,N,R,E,K,R,G,L,A,L,D,G,K,L,K,H,E,D,T,N,L,A,S,S,T,L,L,E,I,L,G,I,I,V,S,Y,K,V,K,V,K,L,V,V,D,V,A,V,E,L,P,F,T,L,M
>6kl7,8,9,10,11,12,19,20,21,22,26,27,28,29,37,38,39,40,41,42,44,45,46,47,48,49,52,53,54,55,56,57,58,59,60,61,62,63,75,76,77,78,79,80,81,82,83,84,85,86,87,98,99,100,101,102,103,104,105,106,107,108,109,112,113,114,115,116,117,127,128,129,130,140,141,142,143,144,145,146,147,148,149,150,151,159,160,161,162,163,164,165,166,167,168,169,170,171,172,183,184,185,186,187,188,189,196,197,198,199,200,201,202,203,207,208,209,214,215,216,217,218,219,220,221,222,228,229,230,231,232,233,234,235,236,237,238,239,240,241,247,248,249,250,251,252,253,254,255,256,257,258,266,267,268,269,270,271,272,273,274,281,282,283,284,285,286,287,288,289,290,291,292,293,294,295,296,297,298,299,300,301,302,303,304,305,306,313,314,315,316,317,318,319,320,321,322,323,324,325,326,327,328,329,342,343,344,345,346,347,348,349,350,351,352
,V,F,K,K,A,T,V,Y,L,D,F,V,D,V,D,G,V,V,L,D,P,E,Y,L,K,R,V,Y,V,T,L,T,C,A,F,R,Y,F,R,K,D,L,F,V,A,N,V,Q,S,F,T,R,L,Q,E,R,L,I,K,K,L,G,A,Y,P,F,T,F,V,T,L,Q,C,G,V,D,Y,E,V,K,A,F,C,A,H,K,R,N,S,V,R,L,V,I,R,K,V,Q,T,A,E,T,T,R,Q,P,L,H,L,E,A,S,L,I,Y,Y,I,S,V,N,V,H,V,T,N,V,K,K,I,K,I,S,V,R,Q,Y,A,D,I,A,Q,Y,K,C,P,V,A,M,E,E,A,S,T,F,C,K,V,Y,T,L,N,R,E,K,R,G,L,A,L,D,G,K,L,K,H,E,D,T,N,L,A,S,S,T,L,L,E,I,L,G,I,I,V,S,Y,K,V,K,V,K,L,V,V,D,V,A,V,E,L,P,F,T,L,M
>1g4m,8,9,10,11,12,19,20,21,22,26,27,28,29,37,38,39,40,41,42,44,45,46,47,48,49,52,53,54,55,56,57,58,59,60,61,62,63,75,76,77,78,79,80,81,82,83,84,85,86,87,98,99,100,101,102,103,104,105,106,107,108,109,112,113,114,115,116,117,127,128,129,130,140,141,142,143,144,145,146,147,148,149,150,151,159,160,161,162,163,164,165,166,167,168,169,170,171,172,183,184,185,186,187,188,189,196,197,198,199,200,201,202,203,207,208,209,214,215,216,217,218,219,220,221,222,228,229,230,231,232,233,234,235,236,237,238,239,240,241,247,248,249,250,251,252,253,254,255,256,257,258,266,267,268,269,270,271,272,273,274,281,282,283,284,285,286,287,288,289,290,291,292,293,294,295,296,297,298,299,300,301,302,303,304,305,306,313,314,315,316,317,318,319,320,321,322,323,324,325,326,327,328,329,342,343,344,345,346,347,348,349,350,351,352
,V,F,K,K,A,T,V,Y,L,D,F,V,D,V,D,G,V,V,L,D,P,E,Y,L,K,R,V,Y,V,T,L,T,C,A,F,R,Y,F,R,K,D,L,F,V,A,N,V,Q,S,F,T,R,L,Q,E,R,L,I,K,K,L,G,A,Y,P,F,T,F,V,T,L,Q,C,G,V,D,Y,E,V,K,A,F,C,A,H,K,R,N,S,V,R,L,V,I,R,K,V,Q,T,A,E,T,T,R,Q,P,L,H,L,E,A,S,L,I,Y,Y,I,S,V,N,V,H,V,T,N,V,K,K,I,K,I,S,V,R,Q,Y,A,D,I,A,Q,Y,K,C,P,V,A,M,E,E,A,S,T,F,C,K,V,Y,T,L,N,R,E,K,R,G,L,A,L,D,G,K,L,K,H,E,D,T,N,L,A,S,S,T,L,L,E,I,L,G,I,I,V,S,Y,K,V,K,V,K,L,V,V,D,V,A,V,E,L,P,F,T,L,M
>1g4m_b,8,9,10,11,12,19,20,21,22,26,27,28,29,37,38,39,40,41,42,44,45,46,47,48,49,52,53,54,55,56,57,58,59,60,61,62,63,75,76,77,78,79,80,81,82,83,84,85,86,87,98,99,100,101,102,103,104,105,106,107,108,109,112,113,114,115,116,117,127,128,129,130,140,141,142,143,144,145,146,147,148,149,150,151,159,160,161,162,163,164,165,166,167,168,169,170,171,172,183,184,185,186,187,188,189,196,197,198,199,200,201,202,203,207,208,209,214,215,216,217,218,219,220,221,222,228,229,230,231,232,233,234,235,236,237,238,239,240,241,247,248,249,250,251,252,253,254,255,256,257,258,266,267,268,269,270,271,272,273,274,281,282,283,284,285,286,287,288,289,290,291,292,293,294,295,296,297,298,299,300,301,302,303,304,305,306,313,314,315,316,317,318,319,320,321,322,323,324,325,326,327,328,329,342,343,344,345,346,347,348,349,350,351,352
,V,F,K,K,A,T,V,Y,L,D,F,V,D,V,D,G,V,V,L,D,P,E,Y,L,K,R,V,Y,V,T,L,T,C,A,F,R,Y,F,R,K,D,L,F,V,A,N,V,Q,S,F,T,R,L,Q,E,R,L,I,K,K,L,G,A,Y,P,F,T,F,V,T,L,Q,C,G,V,D,Y,E,V,K,A,F,C,A,H,K,R,N,S,V,R,L,V,I,R,K,V,Q,T,A,E,T,T,R,Q,P,L,H,L,E,A,S,L,I,Y,Y,I,S,V,N,V,H,V,T,N,V,K,K,I,K,I,S,V,R,Q,Y,A,D,I,A,Q,Y,K,C,P,V,A,M,E,E,A,S,T,F,C,K,V,Y,T,L,N,R,E,K,R,G,L,A,L,D,G,K,L,K,H,E,D,T,N,L,A,S,S,T,L,L,E,I,L,G,I,I,V,S,Y,K,V,K,V,K,L,V,V,D,V,A,V,E,L,P,F,T,L,M
>1jsy,8,9,10,11,12,19,20,21,22,26,27,28,29,37,38,39,40,41,42,44,45,46,47,48,49,52,53,54,55,56,57,58,59,60,61,62,63,75,76,77,78,79,80,81,82,83,84,85,86,87,98,99,100,101,102,103,104,105,106,107,108,109,112,113,114,115,116,117,127,128,129,130,140,141,142,143,144,145,146,147,148,149,150,151,159,160,161,162,163,164,165,166,167,168,169,170,171,172,183,184,185,186,187,188,189,196,197,198,199,200,201,202,203,207,208,209,214,215,216,217,218,219,220,221,222,228,229,230,231,232,233,234,235,236,237,238,239,240,241,247,248,249,250,251,252,253,254,255,256,257,258,266,267,268,269,270,271,272,273,274,281,282,283,284,285,286,287,288,289,290,291,292,293,294,295,296,297,298,299,300,301,302,303,304,305,306,313,314,315,316,317,318,319,320,321,322,323,324,325,326,327,328,329,342,343,344,345,346,347,348,349,350,351,352
,V,F,K,K,A,T,V,Y,L,D,F,V,D,V,D,G,V,V,L,D,P,E,Y,L,K,R,V,Y,V,T,L,T,C,A,F,R,Y,F,R,K,D,L,F,V,A,N,V,Q,S,F,T,R,L,Q,E,R,L,I,K,K,L,G,A,Y,P,F,T,F,V,T,L,Q,C,G,V,D,Y,E,V,K,A,F,C,A,H,K,R,N,S,V,R,L,V,I,R,K,V,Q,T,A,E,T,T,R,Q,P,L,H,L,E,A,S,L,I,Y,Y,I,S,V,N,V,H,V,T,N,V,K,K,I,K,I,S,V,R,Q,Y,A,D,I,A,Q,Y,K,C,P,V,A,M,E,E,A,S,T,F,C,K,V,Y,T,L,N,R,E,K,R,G,L,A,L,D,G,K,L,K,H,E,D,T,N,L,A,S,S,T,L,L,E,I,L,G,I,I,V,S,Y,K,V,K,V,K,L,V,V,D,V,A,V,E,L,P,F,T,L,M
>3gd1,8,9,10,11,12,19,20,21,22,26,27,28,29,37,38,39,40,41,42,44,45,46,47,48,49,52,53,54,55,56,57,58,59,60,61,62,63,75,76,77,78,79,80,81,82,83,84,85,86,87,98,99,100,101,102,103,104,105,106,107,108,109,112,113,114,115,116,117,127,128,129,130,140,141,142,143,144,145,146,147,148,149,150,151,159,160,161,162,163,164,165,166,167,168,169,170,171,172,183,184,185,186,187,188,189,196,197,198,199,200,201,202,203,207,208,209,214,215,216,217,218,219,220,221,222,228,229,230,231,232,233,234,235,236,237,238,239,240,241,247,248,249,250,251,252,253,254,255,256,257,258,266,267,268,269,270,271,272,273,274,281,282,283,284,285,286,287,288,289,290,291,292,293,294,295,296,297,298,299,300,301,302,303,304,305,306,313,314,315,316,317,318,319,320,321,322,323,324,325,326,327,328,329,342,343,344,345,346,347,348,349,350,351,352
,V,F,K,K,A,T,V,Y,L,D,F,V,D,V,D,G,V,V,L,D,P,E,Y,L,K,R,V,Y,V,T,L,T,C,A,F,R,Y,F,R,K,D,L,F,V,A,N,V,Q,S,F,T,R,L,Q,E,R,L,I,K,K,L,G,A,Y,P,F,T,F,V,T,L,Q,C,G,V,D,Y,E,V,K,A,F,C,A,H,K,R,N,S,V,R,L,V,I,R,K,V,Q,T,A,E,T,T,R,Q,P,L,H,L,E,A,S,L,I,Y,Y,I,S,V,N,V,H,V,T,N,V,K,K,I,K,I,S,V,R,Q,Y,A,D,I,A,Q,Y,K,C,P,V,A,M,E,E,A,S,T,F,C,K,V,Y,T,L,N,R,E,K,R,G,L,A,L,D,G,K,L,K,H,E,D,T,N,L,A,S,S,T,L,L,E,I,L,G,I,I,V,S,Y,K,V,K,V,K,L,V,V,D,V,A,V,E,L,P,F,T,L,M
>1zsh,8,9,10,11,12,19,20,21,22,26,27,28,29,37,38,39,40,41,42,44,45,46,47,48,49,52,53,54,55,56,57,58,59,60,61,62,63,75,76,77,78,79,80,81,82,83,84,85,86,87,98,99,100,101,102,103,104,105,106,107,108,109,112,113,114,115,116,117,127,128,129,130,140,141,142,143,144,145,146,147,148,149,150,151,159,160,161,162,163,164,165,166,167,168,169,170,171,172,183,184,185,186,187,188,189,196,197,198,199,200,201,202,203,207,208,209,214,215,216,217,218,219,220,221,222,228,229,230,231,232,233,234,235,236,237,238,239,240,241,247,248,249,250,251,252,253,254,255,256,257,258,266,267,268,269,270,271,272,273,274,281,282,283,284,285,286,287,288,289,290,291,292,293,294,295,296,297,298,299,300,301,302,303,304,305,306,313,314,315,316,317,318,319,320,321,322,323,324,325,326,327,328,329,342,343,344,345,346,347,348,349,350,351,352
,V,F,K,K,A,T,V,Y,L,D,F,V,D,V,D,G,V,V,L,D,P,E,Y,L,K,R,V,Y,V,T,L,T,C,A,F,R,Y,F,R,K,D,L,F,V,A,N,V,Q,S,F,T,R,L,Q,E,R,L,I,K,K,L,G,A,Y,P,F,T,F,V,T,L,Q,C,G,V,D,Y,E,V,K,A,F,C,A,H,K,R,N,S,V,R,L,V,I,R,K,V,Q,T,A,E,T,T,R,Q,P,L,H,L,E,A,S,L,I,Y,Y,I,S,V,N,V,H,V,T,N,V,K,K,I,K,I,S,V,R,Q,Y,A,D,I,A,Q,Y,K,C,P,V,A,M,E,E,A,S,T,F,C,K,V,Y,T,L,N,R,E,K,R,G,L,A,L,D,G,K,L,K,H,E,D,T,N,L,A,S,S,T,L,L,E,I,L,G,I,I,V,S,Y,K,V,K,V,K,L,V,V,D,V,A,V,E,L,P,F,T,L,M
>5tv1,9,10,11,12,13,20,21,22,23,27,28,29,30,38,39,40,41,42,43,45,46,47,48,49,50,53,54,55,56,57,58,59,60,61,62,63,64,76,77,78,79,80,81,82,83,84,85,86,87,88,99,100,101,102,103,104,105,106,107,108,109,110,113,114,115,116,117,118,128,129,130,131,141,142,143,144,145,146,147,148,149,150,151,152,160,161,162,163,164,165,166,167,168,169,170,171,172,173,184,185,186,187,188,189,190,197,198,199,200,201,202,203,204,208,209,210,215,216,217,218,219,220,221,222,223,229,230,231,232,233,234,235,236,237,238,239,240,241,242,248,249,250,251,252,253,254,255,256,257,258,259,267,268,269,270,271,272,273,274,275,282,283,284,285,286,287,288,289,290,291,292,293,294,295,296,297,298,299,300,301,302,303,304,305,306,307,314,315,316,317,318,319,320,321,322,323,324,325,326,327,328,329,330,335,336,337,338,339,340,341,342,343,344,345
,V,F,K,K,S,T,V,Y,L,D,F,V,D,V,D,G,V,V,L,D,P,D,Y,L,K,K,V,F,V,T,L,T,C,A,F,R,Y,F,R,K,D,L,F,I,A,N,Y,Q,A,F,T,R,L,Q,E,R,L,L,R,K,L,G,A,H,P,F,F,F,V,T,L,Q,C,G,V,D,F,E,I,R,A,F,C,A,H,K,R,N,S,V,R,L,V,I,R,K,V,Q,S,A,E,T,T,R,H,S,L,H,L,E,A,S,L,L,Y,Y,L,N,V,N,V,H,V,T,N,V,K,K,I,K,V,S,V,R,Q,Y,A,D,I,A,Q,Y,K,C,P,V,A,Q,V,E,Q,S,T,F,C,K,V,Y,T,I,N,R,E,K,R,G,L,A,L,D,G,K,L,K,H,E,D,T,N,L,A,S,S,T,I,V,E,V,L,G,I,L,V,S,Y,R,V,K,V,K,L,V,V,D,V,S,V,E,L,P,F,V,L,M
>6up7,8,9,10,11,12,19,20,21,22,26,27,28,29,37,38,39,40,41,42,44,45,46,47,48,49,52,53,54,55,56,57,58,59,60,61,62,63,75,76,77,78,79,80,81,82,83,84,85,86,87,98,99,100,101,102,103,104,105,106,107,108,109,112,113,114,115,116,117,127,128,129,130,140,141,142,143,144,145,146,147,148,149,150,151,159,160,161,162,163,164,165,166,167,168,169,170,171,172,183,184,185,186,187,188,189,196,197,198,199,200,201,202,203,207,208,209,214,215,216,217,218,219,220,221,222,228,229,230,231,232,233,234,235,236,237,238,239,240,241,247,248,249,250,251,252,253,254,255,256,257,258,266,267,268,269,270,271,272,273,274,281,282,283,284,285,286,287,288,289,290,291,292,293,294,295,296,297,298,299,300,301,302,303,304,305,306,313,314,315,316,317,318,319,320,321,322,323,324,325,326,327,328,329,342,343,344,345,346,347,348,349,350,351,352
,V,F,K,K,A,T,V,Y,L,D,F,V,D,V,D,G,V,V,L,D,P,E,Y,L,K,R,V,Y,V,T,L,T,V,A,F,R,Y,F,R,K,D,L,F,V,A,N,V,Q,S,F,T,R,L,Q,E,R,L,I,K,K,L,G,A,Y,P,F,T,F,V,T,L,Q,L,G,V,D,Y,E,V,K,A,F,V,A,H,K,R,N,S,V,R,L,V,I,R,K,V,Q,T,A,E,T,T,R,Q,P,L,H,L,E,A,S,L,I,Y,Y,I,S,V,N,V,H,V,T,N,V,K,K,I,K,I,S,V,R,Q,Y,A,D,I,A,Q,Y,K,V,P,V,A,M,E,E,A,S,T,F,S,K,V,Y,T,L,N,R,E,K,R,G,L,A,L,D,G,K,L,K,H,E,D,T,N,L,A,S,S,T,L,L,E,I,L,G,I,I,V,S,Y,K,V,K,V,K,L,V,V,D,V,A,V,E,L,P,F,T,L,M
>6u1n,8,9,10,11,12,19,20,21,22,26,27,28,29,37,38,39,40,41,42,44,45,46,47,48,49,52,53,54,55,56,57,58,59,60,61,62,63,75,76,77,78,79,80,81,82,83,84,85,86,87,98,99,100,101,102,103,104,105,106,107,108,109,112,113,114,115,116,117,127,128,129,130,140,141,142,143,144,145,146,147,148,149,150,151,159,160,161,162,163,164,165,166,167,168,169,170,171,172,183,184,185,186,187,188,189,196,197,198,199,200,201,202,203,207,208,209,214,215,216,217,218,219,220,221,222,228,229,230,231,232,233,234,235,236,237,238,239,240,241,247,248,249,250,251,252,253,254,255,256,257,258,266,267,268,269,270,271,272,273,274,281,282,283,284,285,286,287,288,289,290,291,292,293,294,295,296,297,298,299,300,301,302,303,304,305,306,313,314,315,316,317,318,319,320,321,322,323,324,325,326,327,328,329,342,343,344,345,346,347,348,349,350,351,352
,V,F,K,K,A,T,V,Y,L,D,F,V,D,V,D,G,V,V,L,D,P,E,Y,L,K,R,V,Y,V,T,L,T,V,A,F,R,Y,F,R,K,D,L,F,V,A,N,V,Q,S,F,T,R,L,Q,E,R,L,I,K,K,L,G,A,Y,P,F,T,F,V,T,L,Q,L,G,V,D,Y,E,V,K,A,F,V,A,H,K,R,N,S,V,R,L,V,I,R,K,V,Q,T,A,E,T,T,R,Q,P,L,H,L,E,A,S,L,I,Y,Y,I,S,V,N,V,H,V,T,N,V,K,K,I,K,I,S,V,R,Q,Y,A,D,I,A,Q,Y,K,V,P,V,A,M,E,E,A,S,T,F,S,K,V,Y,T,L,N,R,E,K,R,G,L,A,L,D,G,K,L,K,H,E,D,T,N,L,A,S,S,T,L,L,E,I,L,G,I,I,V,S,Y,K,V,K,V,K,L,V,V,D,V,A,V,E,L,P,F,T,L,M
>6tko,8,9,10,11,12,19,20,21,22,26,27,28,29,37,38,39,40,41,42,44,45,46,47,48,49,52,53,54,55,56,57,58,59,60,61,62,63,75,76,77,78,79,80,81,82,83,84,85,86,87,98,99,100,101,102,103,104,105,106,107,108,109,112,113,114,115,116,117,127,128,129,130,140,141,142,143,144,145,146,147,148,149,150,151,159,160,161,162,163,164,165,166,167,168,169,170,171,172,183,184,185,186,187,188,189,196,197,198,199,200,201,202,203,207,208,209,214,215,216,217,218,219,220,221,222,228,229,230,231,232,233,234,235,236,237,238,239,240,241,247,248,249,250,251,252,253,254,255,256,257,258,266,267,268,269,270,271,272,273,274,281,282,283,284,285,286,287,288,289,290,291,292,293,294,295,296,297,298,299,300,301,302,303,304,305,306,313,314,315,316,317,318,319,320,321,322,323,324,325,326,327,328,329,342,343,344,345,346,347,348,349,350,351,352
,V,F,K,K,A,T,V,Y,L,D,F,V,D,V,D,G,V,V,L,D,P,E,Y,L,K,R,V,Y,V,T,L,T,C,A,F,R,Y,F,R,K,D,L,F,V,A,N,V,Q,S,F,T,R,L,Q,E,R,L,I,K,K,L,G,A,Y,P,F,T,F,V,T,L,Q,C,G,V,D,Y,E,V,K,A,F,C,A,H,K,R,N,S,V,R,L,V,I,E,K,V,Q,T,A,E,T,T,R,Q,P,L,H,L,E,A,S,L,I,Y,Y,I,S,V,N,V,H,V,T,N,V,K,K,I,K,I,S,V,R,Q,Y,A,D,I,A,Q,Y,K,C,P,V,A,M,E,E,A,S,T,F,C,K,V,Y,T,L,N,R,E,K,R,G,L,A,L,D,G,K,L,K,H,E,D,T,N,L,A,S,S,T,L,L,E,I,L,G,I,I,V,S,Y,K,V,K,V,K,L,V,V,D,V,A,V,E,L,P,F,T,L,M
>6pwc,8,9,10,11,12,19,20,21,22,26,27,28,29,37,38,39,40,41,42,44,45,46,47,48,49,52,53,54,55,56,57,58,59,60,61,62,63,75,76,77,78,79,80,81,82,83,84,85,86,87,98,99,100,101,102,103,104,105,106,107,108,109,112,113,114,115,116,117,127,128,129,130,140,141,142,143,144,145,146,147,148,149,150,151,159,160,161,162,163,164,165,166,167,168,169,170,171,172,183,184,185,186,187,188,189,196,197,198,199,200,201,202,203,207,208,209,214,215,216,217,218,219,220,221,222,228,229,230,231,232,233,234,235,236,237,238,239,240,241,247,248,249,250,251,252,253,254,255,256,257,258,266,267,268,269,270,271,272,273,274,281,282,283,284,285,286,287,288,289,290,291,292,293,294,295,296,297,298,299,300,301,302,303,304,305,306,313,314,315,316,317,318,319,320,321,322,323,324,325,326,327,328,329,342,343,344,345,346,347,348,349,350,351,352
,V,F,K,K,A,T,V,Y,L,D,F,V,D,V,D,G,V,V,L,D,P,E,Y,L,K,R,V,Y,V,T,L,T,C,A,F,R,Y,F,R,K,D,L,F,C,A,N,V,Q,S,F,T,R,L,Q,E,R,L,I,K,K,L,G,A,Y,P,F,T,F,V,T,L,Q,C,G,V,D,Y,E,V,K,A,F,C,A,H,K,R,N,S,V,R,L,V,I,R,K,V,Q,T,A,E,T,T,R,Q,P,L,H,L,E,A,S,L,I,Y,Y,I,S,V,N,V,H,V,T,N,V,K,K,I,K,I,S,V,R,Q,Y,A,D,I,A,Q,Y,K,C,P,V,A,M,E,E,A,S,T,F,C,K,V,Y,T,L,N,R,E,K,R,G,L,A,L,D,G,K,L,K,H,E,D,T,N,L,A,S,S,T,L,L,E,I,L,G,I,I,V,S,Y,K,V,K,V,K,L,V,V,D,V,A,V,E,L,P,F,T,L,M
>6ni2,8,9,10,11,12,19,20,21,22,26,27,28,29,37,38,39,40,41,42,44,45,46,47,48,49,52,53,54,55,56,57,58,59,60,61,62,63,75,76,77,78,79,80,81,82,83,84,85,86,87,98,99,100,101,102,103,104,105,106,107,108,109,112,113,114,115,116,117,127,128,129,130,140,141,142,143,144,145,146,147,148,149,150,151,159,160,161,162,163,164,165,166,167,168,169,170,171,172,183,184,185,186,187,188,189,196,197,198,199,200,201,202,203,207,208,209,214,215,216,217,218,219,220,221,222,228,229,230,231,232,233,234,235,236,237,238,239,240,241,247,248,249,250,251,252,253,254,255,256,257,258,266,267,268,269,270,271,272,273,274,281,282,283,284,285,286,287,288,289,290,291,292,293,294,295,296,297,298,299,300,301,302,303,304,305,306,313,314,315,316,317,318,319,320,321,322,323,324,325,326,327,328,329,342,343,344,345,346,347,348,349,350,351,352
,V,F,K,K,A,T,V,Y,L,D,F,V,D,V,D,G,V,V,L,D,P,E,Y,L,K,R,V,Y,V,T,L,T,C,A,F,R,Y,F,R,K,D,L,F,V,A,N,V,Q,S,F,T,R,L,Q,E,R,L,I,K,K,L,G,A,Y,P,F,T,F,V,T,L,Q,C,G,V,D,Y,E,V,K,A,F,C,A,H,K,R,N,S,V,R,L,V,I,R,K,V,Q,T,A,E,T,T,R,Q,P,L,H,L,E,A,S,L,I,Y,Y,I,S,V,N,V,H,V,T,N,V,K,K,I,K,I,S,V,R,Q,Y,A,D,I,A,Q,Y,K,C,P,V,A,M,E,E,A,S,T,F,C,K,V,Y,T,L,N,R,E,K,R,G,L,A,L,D,G,K,L,K,H,E,D,T,N,L,A,S,S,T,L,L,E,I,L,G,I,I,V,S,Y,K,V,K,V,K,L,V,V,D,V,A,V,E,L,P,F,T,L,M
>4jqi,8,9,10,11,12,19,20,21,22,26,27,28,29,37,38,39,40,41,42,44,45,46,47,48,49,52,53,54,55,56,57,58,59,60,61,62,63,75,76,77,78,79,80,81,82,83,84,85,86,87,98,99,100,101,102,103,104,105,106,107,108,109,112,113,114,115,116,117,127,128,129,130,140,141,142,143,144,145,146,147,148,149,150,151,159,160,161,162,163,164,165,166,167,168,169,170,171,172,183,184,185,186,187,188,189,196,197,198,199,200,201,202,203,207,208,209,214,215,216,217,218,219,220,221,222,228,229,230,231,232,233,234,235,236,237,238,239,240,241,247,248,249,250,251,252,253,254,255,256,257,258,266,267,268,269,270,271,272,273,274,281,282,283,284,285,286,287,288,289,290,291,292,293,294,295,296,297,298,299,300,301,302,303,304,305,306,313,314,315,316,317,318,319,320,321,322,323,324,325,326,327,328,329,342,343,344,345,346,347,348,349,350,351,352
,V,F,K,K,A,T,V,Y,L,D,F,V,D,V,D,G,V,V,L,D,P,E,Y,L,K,R,V,Y,V,T,L,T,C,A,F,R,Y,F,R,K,D,L,F,V,A,N,V,Q,S,F,T,R,L,Q,E,R,L,I,K,K,L,G,A,Y,P,F,T,F,V,T,L,Q,C,G,V,D,Y,E,V,K,A,F,C,A,H,K,R,N,S,V,R,L,V,I,R,K,V,Q,T,A,E,T,T,R,Q,P,L,H,L,E,A,S,L,I,Y,Y,I,S,V,N,V,H,V,T,N,V,K,K,I,K,I,S,V,R,Q,Y,A,D,I,A,Q,Y,K,C,P,V,A,M,E,E,A,S,T,F,C,K,V,Y,T,L,N,R,E,K,R,G,L,A,L,D,G,K,L,K,H,E,D,T,N,L,A,S,S,T,L,L,E,I,L,G,I,I,V,S,Y,K,V,K,V,K,L,V,V,D,V,A,V,E,L,P,F,T,L,M
>7df9,8,9,10,11,12,19,20,21,22,26,27,28,29,37,38,39,40,41,42,44,45,46,47,48,49,52,53,54,55,56,57,58,59,60,61,62,63,75,76,77,78,79,80,81,82,83,84,85,86,87,98,99,100,101,102,103,104,105,106,107,108,109,112,113,114,115,116,117,127,128,129,130,140,141,142,143,144,145,146,147,148,149,150,151,159,160,161,162,163,164,165,166,167,168,169,170,171,172,183,184,185,186,187,188,189,196,197,198,199,200,201,202,203,207,208,209,214,215,216,217,218,219,220,221,222,228,229,230,231,232,233,234,235,236,237,238,239,240,241,247,248,249,250,251,252,253,254,255,256,257,258,266,267,268,269,270,271,272,273,274,281,282,283,284,285,286,287,288,289,290,291,292,293,294,295,296,297,298,299,300,301,302,303,304,305,306,313,314,315,316,317,318,319,320,321,322,323,324,325,326,327,328,329,342,343,344,345,346,347,348,349,350,351,352
,V,F,K,K,A,T,V,Y,L,D,F,V,D,V,D,G,V,V,L,D,P,E,Y,L,K,R,V,Y,V,T,L,T,C,A,F,R,Y,F,R,K,D,L,F,V,A,N,V,Q,S,F,T,R,L,Q,E,R,L,I,K,K,L,G,A,Y,P,F,T,F,V,T,L,Q,C,G,V,D,Y,E,V,K,A,F,C,A,H,K,R,N,S,V,R,L,V,I,R,K,V,Q,T,A,E,T,T,R,Q,P,L,H,L,E,A,S,L,I,Y,Y,I,S,V,N,V,H,V,T,N,V,K,K,I,K,I,S,V,R,Q,Y,A,D,I,A,Q,Y,K,C,P,V,A,M,E,E,A,S,T,F,C,K,V,Y,T,L,N,R,E,K,R,G,L,A,L,D,G,K,L,K,H,E,D,T,N,L,A,S,S,T,L,L,E,I,L,G,I,I,V,S,Y,K,V,K,V,K,L,V,V,D,V,A,V,E,L,P,F,T,L,M
>7dfa,8,9,10,11,12,19,20,21,22,26,27,28,29,37,38,39,40,41,42,44,45,46,47,48,49,52,53,54,55,56,57,58,59,60,61,62,63,75,76,77,78,79,80,81,82,83,84,85,86,87,98,99,100,101,102,103,104,105,106,107,108,109,112,113,114,115,116,117,127,128,129,130,140,141,142,143,144,145,146,147,148,149,150,151,159,160,161,162,163,164,165,166,167,168,169,170,171,172,183,184,185,186,187,188,189,196,197,198,199,200,201,202,203,207,208,209,214,215,216,217,218,219,220,221,222,228,229,230,231,232,233,234,235,236,237,238,239,240,241,247,248,249,250,251,252,253,254,255,256,257,258,266,267,268,269,270,271,272,273,274,281,282,283,284,285,286,287,288,289,290,291,292,293,294,295,296,297,298,299,300,301,302,303,304,305,306,313,314,315,316,317,318,319,320,321,322,323,324,325,326,327,328,329,342,343,344,345,346,347,348,349,350,351,352
,V,F,K,K,A,T,V,Y,L,D,F,V,D,V,D,G,V,V,L,D,P,E,Y,L,K,R,V,Y,V,T,L,T,C,A,F,R,Y,F,R,K,D,L,F,V,A,N,V,Q,S,F,T,R,L,Q,E,R,L,I,K,K,L,G,A,Y,P,F,T,F,V,T,L,Q,C,G,V,D,Y,E,V,K,A,F,C,A,H,K,R,N,S,V,R,L,V,I,R,K,V,Q,T,A,E,T,T,R,Q,P,L,H,L,E,A,S,L,I,Y,Y,I,S,V,N,V,H,V,T,N,V,K,K,I,K,I,S,V,R,Q,Y,A,D,I,A,Q,Y,K,C,P,V,A,M,E,E,A,S,T,F,C,K,V,Y,T,L,N,R,E,K,R,G,L,A,L,D,G,K,L,K,H,E,D,T,N,L,A,S,S,T,L,L,E,I,L,G,I,I,V,S,Y,K,V,K,V,K,L,V,V,D,V,A,V,E,L,P,F,T,L,M
>7dfb,8,9,10,11,12,19,20,21,22,26,27,28,29,37,38,39,40,41,42,44,45,46,47,48,49,52,53,54,55,56,57,58,59,60,61,62,63,75,76,77,78,79,80,81,82,83,84,85,86,87,98,99,100,101,102,103,104,105,106,107,108,109,112,113,114,115,116,117,127,128,129,130,140,141,142,143,144,145,146,147,148,149,150,151,159,160,161,162,163,164,165,166,167,168,169,170,171,172,183,184,185,186,187,188,189,196,197,198,199,200,201,202,203,207,208,209,214,215,216,217,218,219,220,221,222,228,229,230,231,232,233,234,235,236,237,238,239,240,241,247,248,249,250,251,252,253,254,255,256,257,258,266,267,268,269,270,271,272,273,274,281,282,283,284,285,286,287,288,289,290,291,292,293,294,295,296,297,298,299,300,301,302,303,304,305,306,313,314,315,316,317,318,319,320,321,322,323,324,325,326,327,328,329,342,343,344,345,346,347,348,349,350,351,352
,V,F,K,K,A,T,V,Y,L,D,F,V,D,V,D,G,V,V,L,D,P,E,Y,L,K,R,V,Y,V,T,L,T,C,A,F,R,Y,F,R,K,D,L,F,V,A,N,V,Q,S,F,T,R,L,Q,E,R,L,I,K,K,L,G,A,Y,P,F,T,F,V,T,L,Q,C,G,V,D,Y,E,V,K,A,F,C,A,H,K,R,N,S,V,R,L,V,I,R,K,V,Q,T,A,E,T,T,R,Q,P,L,H,L,E,A,S,L,I,Y,Y,I,S,V,N,V,H,V,T,N,V,K,K,I,K,I,S,V,R,Q,Y,A,D,I,A,Q,Y,K,C,P,V,A,M,E,E,A,S,T,F,C,K,V,Y,T,L,N,R,E,K,R,G,L,A,L,D,G,K,L,K,H,E,D,T,N,L,A,S,S,T,L,L,E,I,L,G,I,I,V,S,Y,K,V,K,V,K,L,V,V,D,V,A,V,E,L,P,F,T,L,M
>7dfc,8,9,10,11,12,19,20,21,22,26,27,28,29,37,38,39,40,41,42,44,45,46,47,48,49,52,53,54,55,56,57,58,59,60,61,62,63,75,76,77,78,79,80,81,82,83,84,85,86,87,98,99,100,101,102,103,104,105,106,107,108,109,112,113,114,115,116,117,127,128,129,130,140,141,142,143,144,145,146,147,148,149,150,151,159,160,161,162,163,164,165,166,167,168,169,170,171,172,183,184,185,186,187,188,189,196,197,198,199,200,201,202,203,207,208,209,214,215,216,217,218,219,220,221,222,228,229,230,231,232,233,234,235,236,237,238,239,240,241,247,248,249,250,251,252,253,254,255,256,257,258,266,267,268,269,270,271,272,273,274,281,282,283,284,285,286,287,288,289,290,291,292,293,294,295,296,297,298,299,300,301,302,303,304,305,306,313,314,315,316,317,318,319,320,321,322,323,324,325,326,327,328,329,342,343,344,345,346,347,348,349,350,351,352
,V,F,K,K,A,T,V,Y,L,D,F,V,D,V,D,G,V,V,L,D,P,E,Y,L,K,R,V,Y,V,T,L,T,C,A,F,R,Y,F,R,K,D,L,F,V,A,N,V,Q,S,F,T,R,L,Q,E,R,L,I,K,K,L,G,A,Y,P,F,T,F,V,T,L,Q,C,G,V,D,Y,E,V,K,A,F,C,A,H,K,R,N,S,V,R,L,V,I,R,K,V,Q,T,A,E,T,T,R,Q,P,L,H,L,E,A,S,L,I,Y,Y,I,S,V,N,V,H,V,T,N,V,K,K,I,K,I,S,V,R,Q,Y,A,D,I,A,Q,Y,K,C,P,V,A,M,E,E,A,S,T,F,C,K,V,Y,T,L,N,R,E,K,R,G,L,A,L,D,G,K,L,K,H,E,D,T,N,L,A,S,S,T,L,L,E,I,L,G,I,I,V,S,Y,K,V,K,V,K,L,V,V,D,V,A,V,E,L,P,F,T,L,M
>6k3f,9,10,11,12,13,20,21,22,23,27,28,29,30,38,39,40,41,42,43,45,46,47,48,49,50,53,54,55,56,57,58,59,60,61,62,63,64,76,77,78,79,80,81,82,83,84,85,86,87,88,99,100,101,102,103,104,105,106,107,108,109,110,113,114,115,116,117,118,128,129,130,131,141,142,143,144,145,146,147,148,149,150,151,152,160,161,162,163,164,165,166,167,168,169,170,171,172,173,184,185,186,187,188,189,190,198,199,200,201,202,203,204,208,209,210,215,216,217,218,219,220,221,222,223,229,230,231,232,233,234,235,236,237,238,239,240,241,242,248,249,250,251,252,253,254,255,256,257,258,259,267,268,269,270,271,272,273,274,275,282,283,284,285,286,287,288,289,290,291,292,293,294,295,296,297,298,299,300,301,302,303,304,305,306,307,314,315,316,317,318,319,320,321,322,323,324,325,326,327,328,329,330,331,336,337,338,339,340,341,342,343,344,345,346
,V,F,K,K,S,T,V,Y,L,D,F,V,D,V,D,G,V,V,L,D,P,D,Y,L,K,K,V,F,V,T,L,T,C,A,F,R,Y,F,R,K,D,L,F,I,A,T,Y,Q,A,F,T,R,L,Q,D,R,L,L,K,K,L,G,A,H,P,F,F,F,V,T,L,Q,C,G,V,D,F,E,I,R,A,F,C,A,H,K,R,N,S,V,R,L,I,I,R,K,V,Q,S,A,E,T,T,R,H,S,L,H,L,E,A,S,E,L,Y,P,L,N,V,N,V,H,V,T,T,V,K,K,I,R,V,S,V,R,Q,Y,A,D,T,A,Q,Y,K,C,P,V,A,Q,L,E,S,S,T,F,C,K,V,Y,T,D,N,R,E,K,R,G,L,A,L,D,G,Q,L,K,H,E,D,T,N,L,A,S,S,T,I,K,E,V,L,G,I,L,V,S,Y,R,V,K,V,K,L,V,V,D,V,S,V,E,L,P,F,V,L,M
>6k3f_b,9,10,11,12,13,20,21,22,23,27,28,29,30,38,39,40,41,42,43,45,46,47,48,49,50,53,54,55,56,57,58,59,60,61,62,63,64,76,77,78,79,80,81,82,83,84,85,86,87,88,99,100,101,102,103,104,105,106,107,108,109,110,113,114,115,116,117,118,128,129,130,131,141,142,143,144,145,146,147,148,149,150,151,152,160,161,162,163,164,165,166,167,168,169,170,171,172,173,184,185,186,187,188,189,190,198,199,200,201,202,203,204,208,209,210,215,216,217,218,219,220,221,222,223,229,230,231,232,233,234,235,236,237,238,239,240,241,242,248,249,250,251,252,253,254,255,256,257,258,259,267,268,269,270,271,272,273,274,275,282,283,284,285,286,287,288,289,290,291,292,293,294,295,296,297,298,299,300,301,302,303,304,305,306,307,314,315,316,317,318,319,320,321,322,323,324,325,326,327,328,329,330,331,336,337,338,339,340,341,342,343,344,345,346
,V,F,K,K,S,T,V,Y,L,D,F,V,D,V,D,G,V,V,L,D,P,D,Y,L,K,K,V,F,V,T,L,T,C,A,F,R,Y,F,R,K,D,L,F,I,A,T,Y,Q,A,F,T,R,L,Q,D,R,L,L,K,K,L,G,A,H,P,F,F,F,V,T,L,Q,C,G,V,D,F,E,I,R,A,F,C,A,H,K,R,N,S,V,R,L,I,I,R,K,V,Q,S,A,E,T,T,R,H,S,L,H,L,E,A,S,E,L,Y,P,L,N,V,N,V,H,V,T,T,V,K,K,I,R,V,S,V,R,Q,Y,A,D,T,A,Q,Y,K,C,P,V,A,Q,L,E,S,S,T,F,C,K,V,Y,T,D,N,R,E,K,R,G,L,A,L,D,G,Q,L,K,H,E,D,T,N,L,A,S,S,T,I,K,E,V,L,G,I,L,V,S,Y,R,V,K,V,K,L,V,V,D,V,S,V,E,L,P,F,V,L,M
>6k3f_d,9,10,11,12,13,20,21,22,23,27,28,29,30,38,39,40,41,42,43,45,46,47,48,49,50,53,54,55,56,57,58,59,60,61,62,63,64,76,77,78,79,80,81,82,83,84,85,86,87,88,99,100,101,102,103,104,105,106,107,108,109,110,113,114,115,116,117,118,128,129,130,131,141,142,143,144,145,146,147,148,149,150,151,152,160,161,162,163,164,165,166,167,168,169,170,171,172,173,184,185,186,187,188,189,190,198,199,200,201,202,203,204,208,209,210,215,216,217,218,219,220,221,222,223,229,230,231,232,233,234,235,236,237,238,239,240,241,242,248,249,250,251,252,253,254,255,256,257,258,259,267,268,269,270,271,272,273,274,275,282,283,284,285,286,287,288,289,290,291,292,293,294,295,296,297,298,299,300,301,302,303,304,305,306,307,314,315,316,317,318,319,320,321,322,323,324,325,326,327,328,329,330,331,336,337,338,339,340,341,342,343,344,345,346
,V,F,K,K,S,T,V,Y,L,D,F,V,D,V,D,G,V,V,L,D,P,D,Y,L,K,K,V,F,V,T,L,T,C,A,F,R,Y,F,R,K,D,L,F,I,A,T,Y,Q,A,F,T,R,L,Q,D,R,L,L,K,K,L,G,A,H,P,F,F,F,V,T,L,Q,C,G,V,D,F,E,I,R,A,F,C,A,H,K,R,N,S,V,R,L,I,I,R,K,V,Q,S,A,E,T,T,R,H,S,L,H,L,E,A,S,E,L,Y,P,L,N,V,N,V,H,V,T,T,V,K,K,I,R,V,S,V,R,Q,Y,A,D,T,A,Q,Y,K,C,P,V,A,Q,L,E,S,S,T,F,C,K,V,Y,T,D,N,R,E,K,R,G,L,A,L,D,G,Q,L,K,H,E,D,T,N,L,A,S,S,T,I,K,E,V,L,G,I,L,V,S,Y,R,V,K,V,K,L,V,V,D,V,S,V,E,L,P,F,V,L,M
>6k3f_e,9,10,11,12,13,20,21,22,23,27,28,29,30,38,39,40,41,42,43,45,46,47,48,49,50,53,54,55,56,57,58,59,60,61,62,63,64,76,77,78,79,80,81,82,83,84,85,86,87,88,99,100,101,102,103,104,105,106,107,108,109,110,113,114,115,116,117,118,128,129,130,131,141,142,143,144,145,146,147,148,149,150,151,152,160,161,162,163,164,165,166,167,168,169,170,171,172,173,184,185,186,187,188,189,190,198,199,200,201,202,203,204,208,209,210,215,216,217,218,219,220,221,222,223,229,230,231,232,233,234,235,236,237,238,239,240,241,242,248,249,250,251,252,253,254,255,256,257,258,259,267,268,269,270,271,272,273,274,275,282,283,284,285,286,287,288,289,290,291,292,293,294,295,296,297,298,299,300,301,302,303,304,305,306,307,314,315,316,317,318,319,320,321,322,323,324,325,326,327,328,329,330,331,336,337,338,339,340,341,342,343,344,345,346
,V,F,K,K,S,T,V,Y,L,D,F,V,D,V,D,G,V,V,L,D,P,D,Y,L,K,K,V,F,V,T,L,T,C,A,F,R,Y,F,R,K,D,L,F,I,A,T,Y,Q,A,F,T,R,L,Q,D,R,L,L,K,K,L,G,A,H,P,F,F,F,V,T,L,Q,C,G,V,D,F,E,I,R,A,F,C,A,H,K,R,N,S,V,R,L,I,I,R,K,V,Q,S,A,E,T,T,R,H,S,L,H,L,E,A,S,E,L,Y,P,L,N,V,N,V,H,V,T,T,V,K,K,I,R,V,S,V,R,Q,Y,A,D,T,A,Q,Y,K,C,P,V,A,Q,L,E,S,S,T,F,C,K,V,Y,T,D,N,R,E,K,R,G,L,A,L,D,G,Q,L,K,H,E,D,T,N,L,A,S,S,T,I,K,E,V,L,G,I,L,V,S,Y,R,V,K,V,K,L,V,V,D,V,S,V,E,L,P,F,V,L,M
